method,total_energy_j,delta_energy_pct,joules_per_sample,delta_jps_pct,avg_power_w,delta_power_w
exit_0,8477.8150,,0.325707,,17.21,
exit_1,11948.7520,,0.459055,,18.03,
exit_2,15120.1380,,0.580896,,18.53,
exit_3,20103.3940,,0.772346,,18.70,
exit_4,23241.5150,,0.892908,,18.87,
exit_5,25680.9420,,0.986628,,19.01,
exit_6,27671.7460,,1.063112,,19.09,
exit_7,29179.3630,,1.121033,,19.16,
exit_8,29920.2030,,1.149495,,19.21,
exit_9,30678.5170,,1.178628,,19.20,
