method,total_energy_j,delta_energy_pct,joules_per_sample,delta_jps_pct,avg_power_w,delta_power_w
exit_0,0.0000,,0.000000,,0.00,
exit_1,0.0000,,0.000000,,0.00,
exit_2,0.0000,,0.000000,,0.00,
exit_3,0.0000,,0.000000,,0.00,
exit_4,0.0000,,0.000000,,0.00,
exit_5,0.0000,,0.000000,,0.00,
exit_6,0.0000,,0.000000,,0.00,
exit_7,0.0000,,0.000000,,0.00,
exit_8,0.0000,,0.000000,,0.00,
exit_9,0.0000,,0.000000,,0.00,
