method,total_energy_j,delta_energy_pct,joules_per_sample,delta_jps_pct,avg_power_w,delta_power_w
exit_0,3739.9660,,0.374109,,17.24,
exit_1,5238.1030,,0.523967,,17.96,
exit_2,6717.0380,,0.671905,,18.41,
exit_3,7897.0410,,0.789941,,18.63,
exit_4,8844.6520,,0.884731,,18.81,
exit_5,9655.6730,,0.965857,,18.95,
exit_6,10714.5680,,1.071778,,19.27,
exit_7,11422.0310,,1.142546,,19.44,
exit_8,11644.2350,,1.164773,,19.31,
exit_9,10329.6810,,1.033278,,19.31,
