method,total_energy_j,delta_energy_pct,joules_per_sample,delta_jps_pct,avg_power_w,delta_power_w
exit_0,6404.7230,,0.640664,,27.93,
exit_1,4879.0110,,0.488048,,18.08,
exit_2,5801.1630,,0.580290,,18.14,
exit_3,6829.6260,,0.683168,,18.30,
exit_4,7606.2950,,0.760858,,18.46,
exit_5,8377.6350,,0.838015,,18.60,
exit_6,9340.2930,,0.934310,,18.83,
exit_7,10691.5570,,1.069477,,18.61,
exit_8,10416.6000,,1.041973,,19.16,
exit_9,11734.1390,,1.173766,,19.24,
