method,total_energy_j,delta_energy_pct,joules_per_sample,delta_jps_pct,avg_power_w,delta_power_w
exit_0,25.9040,,0.094540,,15.31,
exit_1,41.5330,,0.151580,,22.13,
exit_10,223.1000,,0.814234,,31.89,
exit_11,244.4260,,0.892066,,32.36,
exit_2,49.8660,,0.181993,,23.71,
exit_3,51.8480,,0.189226,,22.94,
exit_4,60.7430,,0.221690,,24.52,
exit_5,76.8150,,0.280347,,28.04,
exit_6,74.9000,,0.273358,,23.83,
exit_7,86.6800,,0.316350,,24.90,
exit_8,192.0120,,0.700774,,31.58,
exit_9,204.0530,,0.744719,,31.77,
