method,total_energy_j,delta_energy_pct,joules_per_sample,delta_jps_pct,avg_power_w,delta_power_w
exit_0,2946.6550,,0.368470,,16.50,
exit_1,4198.3880,,0.524995,,17.83,
exit_2,5416.4040,,0.677304,,18.33,
exit_3,6415.1270,,0.802192,,18.58,
exit_4,7066.6530,,0.883663,,18.80,
exit_5,7767.1120,,0.971253,,18.93,
exit_6,8571.5770,,1.071849,,18.99,
exit_7,8923.5710,,1.115865,,19.04,
exit_8,9158.1610,,1.145200,,19.01,
exit_9,9361.1680,,1.170585,,19.05,
