method,total_energy_j,delta_energy_pct,joules_per_sample,delta_jps_pct,avg_power_w,delta_power_w
exit_0,12077.3810,,1.208101,,48.25,
exit_1,13437.5510,,1.344158,,48.31,
exit_2,14440.2140,,1.444455,,48.40,
exit_3,15638.1460,,1.564284,,48.48,
exit_4,16461.6480,,1.646659,,48.51,
exit_5,17325.4050,,1.733060,,48.54,
exit_6,18510.4960,,1.851605,,48.55,
exit_7,19074.8700,,1.908059,,48.49,
exit_8,19274.0470,,1.927983,,48.44,
exit_9,19567.0960,,1.957297,,48.51,
