method,total_energy_j,delta_energy_pct,joules_per_sample,delta_jps_pct,avg_power_w,delta_power_w
exit_0,12320.0600,,1.232376,,48.32,
exit_1,13697.8870,,1.370200,,48.35,
exit_2,14942.3590,,1.494684,,48.43,
exit_3,16130.2830,,1.613512,,48.45,
exit_4,17088.7440,,1.709387,,48.44,
exit_5,17573.5030,,1.757878,,48.48,
exit_6,18796.1230,,1.880176,,48.51,
exit_7,19030.2450,,1.903596,,48.52,
exit_8,19319.3400,,1.932514,,48.37,
exit_9,19651.2610,,1.965716,,48.44,
